{
  "scores": {
    "faithfulness": 0.9447731755424064,
    "answer_relevancy": 0.8469944207662041,
    "context_precision": 0.9833333332946581
  },
  "thresholds": {
    "faithfulness": 0.8,
    "answer_relevancy": 0.75,
    "context_precision": 0.5
  },
  "passed": true,
  "num_evaluated": 13
}